﻿<?xml version="1.0" encoding="utf-8"?>
<manifest identifier="_6Ys3xN2GLRT" version="1.0" xmlns="http://www.imsproject.org/xsd/imscp_rootv1p1p2" xmlns:adlcp="http://www.adlnet.org/xsd/adlcp_rootv1p2" xmlns:xsi="http://www.w3.org/2001/XMLSchema-instance" xsi:schemaLocation="http://www.imsproject.org/xsd/imscp_rootv1p1p2 imscp_rootv1p1p2.xsd http://www.imsglobal.org/xsd/imsmd_rootv1p2p1 imsmd_rootv1p2p1.xsd http://www.adlnet.org/xsd/adlcp_rootv1p2 adlcp_rootv1p2.xsd">
  <metadata>
    <schema>ADL SCORM</schema>
    <schemaversion>1.2</schemaversion>
    <lom xmlns="http://www.imsglobal.org/xsd/imsmd_rootv1p2p1" xmlns:xsi="http://www.w3.org/2001/XMLSchema-instance" xsi:schemaLocation="http://www.imsglobal.org/xsd/imsmd_rootv1p2p1 imsmd_rootv1p2p1.xsd">
      <general>
        <title>
          <langstring xml:lang="x-none">Format Quest: A Text Formatting Adventure</langstring>
        </title>
      </general>
      <lifecycle>
        <version>
          <langstring xml:lang="x-none">1</langstring>
        </version>
        <status>
          <source>
            <langstring xml:lang="x-none">LOMv1.0</langstring>
          </source>
          <value>
            <langstring xml:lang="x-none">Final</langstring>
          </value>
        </status>
      </lifecycle>
      <metametadata>
        <metadatascheme>ADL SCORM 1.2</metadatascheme>
      </metametadata>
      <educational>
        <typicallearningtime>
          <datetime>PT0H0M0S</datetime>
        </typicallearningtime>
      </educational>
      <rights>
        <cost>
          <source>
            <langstring xml:lang="x-none">LOMv1.0</langstring>
          </source>
          <value>
            <langstring xml:lang="x-none">yes</langstring>
          </value>
        </cost>
        <copyrightandotherrestrictions>
          <source>
            <langstring xml:lang="x-none">LOMv1.0</langstring>
          </source>
          <value>
            <langstring xml:lang="x-none">yes</langstring>
          </value>
        </copyrightandotherrestrictions>
      </rights>
    </lom>
  </metadata>
  <organizations default="Format_Quest:_A_Text_Formatting_Adventure_ORG">
    <organization identifier="Format_Quest:_A_Text_Formatting_Adventure_ORG">
      <title>Format Quest: A Text Formatting Adventure</title>
      <item identifier="Format_Quest:_A_Text_Formatting_Adventure_SCO" isvisible="true" identifierref="__6Ys3xN2GLRT_RES">
        <title>Format Quest: A Text Formatting Adventure</title>
      </item>
    </organization>
  </organizations>
  <resources>
    <resource identifier="__6Ys3xN2GLRT_RES" type="webcontent" href="index_lms.html" adlcp:scormtype="sco">
      <file href="story_content/thumbnail.jpg" />
      <file href="mobile/624qBfEB3cw.png" />
      <file href="mobile/6YK2cOk9lpT.png" />
      <file href="mobile/5vWDLQOLsl1.png" />
      <file href="mobile/5tbk7k4nCg5.png" />
      <file href="mobile/6Spm7dsneWw.png" />
      <file href="mobile/5qLFjpDqyHO.png" />
      <file href="mobile/6RmX9XoxKIO.png" />
      <file href="mobile/6UsMQV0WBXR.png" />
      <file href="mobile/5rlFcmJ9fkH.png" />
      <file href="mobile/5y8U5QcxPcK.png" />
      <file href="mobile/5m6hLdRYT3T.png" />
      <file href="story_content/6q2GB34Zxlu_44100_56_1.mp3" />
      <file href="story_content/6NPffJu9d1g_44100_56_1.mp3" />
      <file href="mobile/5vsssbEh3E8.png" />
      <file href="mobile/5vsssbEh3E8_B-20.png" />
      <file href="story_content/5w94SNiFHgM_44100_56_1.mp3" />
      <file href="mobile/624qBfEB3cw_B-20.png" />
      <file href="mobile/6SSVAWVgOUN.png" />
      <file href="story_content/6eeXIlJzRh2_44100_56_1.mp3" />
      <file href="mobile/6gRRa1RllR9.png" />
      <file href="mobile/6gRRa1RllR9_B-10.png" />
      <file href="story_content/5nC6OglMg20_44100_56_1.mp3" />
      <file href="story_content/5mQeC1Y8iWe_44100_56_1.mp3" />
      <file href="story_content/5xgcLjlTwK6_44100_56_1.mp3" />
      <file href="mobile/6UxflsKg2OU.png" />
      <file href="mobile/61js5kpUzNK.png" />
      <file href="story_content/5WNVnd6VIvF_44100_56_1.mp3" />
      <file href="mobile/5hSrVI7Q9SI.png" />
      <file href="story_content/5ocl0NdlHJU_44100_56_1.mp3" />
      <file href="story_content/5v2QFXja9A4_44100_56_1.mp3" />
      <file href="meta.xml" />
      <file href="story_content/user.js" />
      <file href="html5/data/css/output.min.css" />
      <file href="html5/data/js/6CLv2FG6iQh.js" />
      <file href="html5/data/js/6iqGHK9VYzI.js" />
      <file href="html5/data/js/6mOsa9mdoBT.js" />
      <file href="html5/data/js/6P5vOU5mjJe.js" />
      <file href="html5/data/js/6PPBstCHyil.js" />
      <file href="html5/data/js/6VL9r2vzsaV.js" />
      <file href="html5/data/js/data.js" />
      <file href="html5/data/js/frame.js" />
      <file href="html5/data/js/paths.js" />
      <file href="html5/lib/hls/hls.min.js" />
      <file href="html5/lib/scripts/bootstrapper.min.js" />
      <file href="html5/lib/scripts/frame.desktop.min.js" />
      <file href="html5/lib/scripts/frame.mobile.min.js" />
      <file href="html5/lib/scripts/slides.min.js" />
      <file href="html5/lib/stylesheets/desktop.min.css" />
      <file href="html5/lib/stylesheets/mobile.min.css" />
      <file href="html5/lib/stylesheets/mobile-fonts/open-sans-bold.woff" />
      <file href="html5/lib/stylesheets/mobile-fonts/open-sans-light.woff" />
      <file href="html5/lib/stylesheets/mobile-fonts/open-sans-regular.woff" />
      <file href="analytics-frame.html" />
      <file href="story.html" />
      <file href="index_lms.html" />
      <file href="lms/AICCComm.html" />
      <file href="lms/blank.html" />
      <file href="lms/browsersniff.js" />
      <file href="lms/goodbye.html" />
      <file href="lms/scormdriver.js" />
    </resource>
  </resources>
</manifest>